pdb_id,entity_id,title,resolution,experimental_method,organism_name,ncbi_taxonomy_id,uniprot_ids,sequence,sequence_length,ligands,species_category,substrates,has_substrate
5XJN,1,cytochrome P450 CREJ in complex with (4-ethylphenyl) dihydrogen phosphate,1.7,X-ray,Corynebacterium glutamicum ATCC 13032,196627,"[""Q8NSW2""]",MHHHHHHSSGLVPRGSGMKETAAAKFERQHMDSPDLGTDDDDKAMADIGSTSHHGYQPFDMHNPFPAYKELRQEEPVMFDERIGYWVVTKYDDIKTTFDDWETFSSENAQAPVRKRGPQATQIMTDGGFTAYSGLSARIPPEHTRIRAIAQKAFTPRRYKALEPDIRAMVIDRVEKMLANDQHVGDMVSDLAYDIPTITILTLIGADISMVDTYKRWSDSRAAMTWGDLSDEEQIPHAHNLVEYWQECQRMVADAHAHGGDNLTADLVRAQQEGQEITDHEIASLLYSLLFAGHETTTTLISNCFRVLLDHPEQWQAILENPKLIPAAVDEVLRYSGSIVGWRRKALKDTEIGGVAIKEGDGVLLLMGSANRDEARFENGEEFDISRANAREHLSFGFGIHYCLGNMLAKLQAKICLEEVTRLVPSLHLVADKAIGFRENLSFRVPTSVPVTWNA,455,HEM:PROTOPORPHYRIN IX CONTAINING FE; 88L:(4-ethylphenyl) dihydrogen phosphate,other,88L:(4-ethylphenyl) dihydrogen phosphate,True
6MCW,1,"Crystal structure of the P450 domain of the CYP51-ferredoxin fusion protein from Methylococcus capsulatus, complex with the detergent Anapoe-X-114",2.4,X-ray,Methylococcus capsulatus str. Bath,243233,"[""Q603T8""]",MSHPPSNTPPVKPGGLPLLGHILEFGKNPHAFLMALRHEFGDVAEFRMFHQRMVLLTGSQASEAFYRAPDEVLDQGPAYRIMTPIFGRGVVFDARIERKNQQLQMLMPALRDKPMRTYSEIIVAEVEAMLRDWKDAGTIDLLELTKELTIYTSSHCLLGAEFRHELNTEFAGIYRDLEMGIQPIAYVFPNLPLPVFKRRDQARVRLQELVTQIMERRARSQERSTNVFQMLIDASYDDGSKLTPHEITGMLIATIFAGHHTSSGTTAWVLIELLRRPEYLRRVRAEIDALFETHGRVTFESLRQMPQLENVIKEVLRLHPPLILLMRKVMKDFEVQGMRIEAGKFVCAAPSVTHRIPELFPNPELFDPDRYTPERAEDKDLYGWQAFGGGRHKCSGNAFAMFQIKAIVCVLLRNYEFELAAAPESYRDDYRKMVVEPASPCLIRYRRRDAPAAVDAKASAGEAPAETLRGAFRVTVDRDLCKGHGNCMAEAPEIFRVDEDGRLTLLSETPDPVLVGAALAAERFCPARAIKILPQRDPATRDRSLSPSGED,551,"JDJ:23-[4-(2,4,4-trimethylpentan-2-yl)phenoxy]-3,6,9,12,15,18,21-heptaoxatricosan-1-ol; HEM:PROTOPORPHYRIN IX CONTAINING FE",other,"JDJ:23-[4-(2,4,4-trimethylpentan-2-yl)phenoxy]-3,6,9,12,15,18,21-heptaoxatricosan-1-ol",True
2YOO,1,Cholest-4-en-3-one bound structure of CYP142 from Mycobacterium smegmatis,1.69,X-ray,Mycolicibacterium smegmatis MC2 155,246196,"[""A0R4Q6""]",MTQMLTRPDVDLVNGMFYADGGAREAYRWMRANEPVFRDRNGLAAATTYQAVLDAERNPELFSSTGGIRPDQPGMPYMIDMDDPQHLLRRKLVNAGFTRKRVMDKVDSIGRLCDTLIDAVCERGECDFVRDIAAPLPMAVIGDMLGVLPTERDMLLKWSDDLVCGLSSHVDEAAIQKLMDTFAAYTEFTKDVITKRRAEPTDDLFSVLVNSEVEGQRMSDDEIVFETLLILIGGDETTRHTLSGGTEQLLRHRDQWDALVADVDLLPGAIEEMLRWTSPVKNMCRTLTADTVFHGTELRAGEKIMLMFESANFDESVFGDPDNFRIDRNPNSHVAFGFGTHFCLGNQLARLELRLMTERVLRRLPDLRLADDAPVPLRPANFVSGPESMPVVFTPSAPVLAHHHHHH,407,"HEM:PROTOPORPHYRIN IX CONTAINING FE; K2B:(8ALPHA,9BETA)-CHOLEST-4-EN-3-ONE",other,"K2B:(8ALPHA,9BETA)-CHOLEST-4-EN-3-ONE",True
3NV6,1,Crystal Structure of Camphor-Bound CYP101D2,2.2,X-ray,Novosphingobium aromaticivorans DSM 12444,279238,"[""Q2G8A2""]",MGSSHHHHHHSSGLVPRGSHMGTTRMDTFNPQESRLATNFDEAVRAKVERPANVPEDRVYEIDMYALNGIEDGYHEAWKKVQHPGIPDLIWTPFTGGHWIATNGDTVKEVYSDPTRFSSEVIFLPKEAGEKYQMVPTKMDPPEHTPYRKALDKGLNLAKIRKVEDKVREVASSLIDSFAARGECDFAAEYAELFPVHVFMALADLPLEDIPVLSEYARQMTRPEGNTPEEMATDLEAGNNGFYAYVDPIIRARVGGDGDDLITLMVNSEINGERIAHDKAQGLISLLLLGGLDTVVNFLSFFMIHLARHPELVAELRSDPLKLMRGAEEMFRRFPVVSEARMVAKDQEYKGVFLKRGDMILLPTALHGLDDAANPEPWKLDFSRRSISHSTFGGGPHRCAGMHLARMEVIVTLEEWLKRIPEFSFKEGETPIYHSGIVAAVENVPLVWPIAR,452,HEM:PROTOPORPHYRIN IX CONTAINING FE; PEG:DI(HYDROXYETHYL)ETHER; CAM:CAMPHOR,other,CAM:CAMPHOR,True
3OFT,1,Crystal Structure of Cytochrome P450 CYP101C1,1.9,X-ray,Novosphingobium aromaticivorans DSM 12444,279238,"[""Q2G637""]",MIPAHVPADRVVDFDIFNPPGVEQDYFAAWKTLLDGPGLVWSTANGGHWIAARGDVVRELWGDAERLSSQCLAVTPGLGKVMQFIPLQQDGAEHKAFRTPVMKGLASRFVVALEPKVQAVARKLMESLRPRGSCDFVSDFAEILPLNIFLTLIDVPLEDRPRLRQLGVQLTRPDGSMTVEQLKQAADDYLWPFIEKRMAQPGDDLFSRILSEPVGGRPWTVDEARRMCRNLLFGGLDTVAAMIGMVALHLARHPEDQRLLRERPDLIPAAADELMRRYPTVAVSRNAVADVDADGVTIRKGDLVYLPSVLHNLDPASFEAPEEVRFDRGLAPIRHTTMGVGAHRCVGAGLARMEVIVFLREWLGGMPEFALAPDKAVTMKGGNVGACTALPLVWRA,396,"HEM:PROTOPORPHYRIN IX CONTAINING FE; HX2:(2R,5R)-hexane-2,5-diol",other,"HX2:(2R,5R)-hexane-2,5-diol",True
3R9B,1,Crystal structure of Mycobacterium smegmatis CYP164A2 in ligand free state,1.89,X-ray,Mycolicibacterium smegmatis MC2 155,246196,"[""A0R5U2""]",MHNGWMSTAATAQEAQGLLLQLLDPATRADPYPIYDRIRRGGPLALPEANLAVFSSFSDCDDVLRHPSSCSDRTKSTIFQRQLAAETQPRPQGPASFLFLDPPDHTRLRGLVSKAFAPRVIKRLEPEITALVDQLLDAVDGPEFNLIDNLAYPLPVAVICRLLGVPIEDEPKFSRASALLAAALDPFLALTGETSDLFDEQMKAGMWLRDYLRALIDERRRTPGEDLMSGLVAVEESGDQLTEDEIIATCNLLLIAGHETTVNLIANAALAMLRTPGQWAALAADGSRASAVIEETMRYDPPVQLVSRYAGDDLTIGTHTVPKGDTMLLLLAAAHRDPTIVGAPDRFDPDRAQIRHLGFGKGAHFCLGAPLARLEATVALPALAARFPEARLSGEPEYKRNLTLRGMSTLSIAVHHHH,418,"HEM:PROTOPORPHYRIN IX CONTAINING FE; EDO:1,2-ETHANEDIOL; K:POTASSIUM ION; D12:DODECANE",other,D12:DODECANE,True
3WVS,1,Crystal Structure of Cytochrome P450revI,1.4,X-ray,Actinacidiphila reveromycinica,659352,"[""G1UDU7""]",GSHMLNTTYPESLSYPFGPDEGLALSESYTRARDTDGLIRVKLPYGEPAWLATRYEDARLVLGDARFSRALSEEHDPPRARKFNAQAKSMFNMDAPDHTRLRRLISKAFTIRRVEELRPKVHDLAHRLIDDMLAKGEPADLVADYALPIPTTVICELLGVPFEDREKFGRWTDAILSTSTLNPEEGRVKRMELVGYIGGIIAARRAQPADDLISGMIEARDVQDKLTEQELLDHCIGLLIAGHETTASQIPSFVYALLDQPQHWKRLLDDPELIPSAVEELFRFVPLGSGSAAPRYAREDIEVGGTLVRAGEPVLVALGAANRDGLRFEDPEEIKLDRPSNHHIGFGHGIHHCLGAPLARLELQEALRALLERLPTLKVAGDIAWKSEMMVRGPRSMPVGW,401,"RRM:(2E,4S,5S,6E,8E)-10-{(2R,3S,6S,8R,9S)-9-butyl-8-[(1E,3E)-4-carboxy-3-methylbuta-1,3-dien-1-yl]-3-methyl-1,7-dioxaspiro[5.5]undec-2-yl}-5-hydroxy-4,8-dimethyldeca-2,6,8-trienoic acid; GOL:GLYCEROL; TLA:L(+)-TARTARIC ACID; HEM:PROTOPORPHYRIN IX CONTAINING FE",other,"RRM:(2E,4S,5S,6E,8E)-10-{(2R,3S,6S,8R,9S)-9-butyl-8-[(1E,3E)-4-carboxy-3-methylbuta-1,3-dien-1-yl]-3-methyl-1,7-dioxaspiro[5.5]undec-2-yl}-5-hydroxy-4,8-dimethyldeca-2,6,8-trienoic acid; TLA:L(+)-TARTARIC ACID",True
9KG5,1,Crystal structure of the CYP154C5 F92A/R114A/T248D/E282A variant from Nocardia farcinica,1.85,X-ray,Nocardia farcinica IFM 10152,247156,"[""Q5YNS8""]",MGSSHHHHHHSSGLVPRGSHMNACPHSDTLTIDPMITDLAGETSRLRAAGPLTRIDLLGVPALAVTGHTLARQLLTDTRLVKDINAWSLWQSGTVTRQWPLIGMIDVDRSMATVDGPEHRRLRIKTTQALTRRALDALKPTIERYVAELLDDLERAGADGAVVDLKSVFAYPLPMRVISALMGVPSEDQEQLLTWYKAFFSILTPQDERLRVIDEMHGYFTEMVRRKTAEPGDDLTSALIYATDGETPLTEEEVIGNLQALVAAGHEDTVSLILTAVRALLSHPEQLRLVRDGEIGWETAIAETLRWDGPVIHLLMRFATEDIDLGDAVIPRGEGVVMSYRAIGRDITVHGADADDFDITRATAARHISFGHGPHICPGAALARLEAAIALPALFTRFPHLHPALPLDQIPNLPVLTQNDLSHFPIHLG,429,TES:TESTOSTERONE; HEM:PROTOPORPHYRIN IX CONTAINING FE; CD:CADMIUM ION; K:POTASSIUM ION; GOL:GLYCEROL,other,TES:TESTOSTERONE; CD:CADMIUM ION,True
5M0O,2,Crystal structure of cytochrome P450 OleT H85Q in complex with arachidonic acid,1.8,X-ray,Jeotgalicoccus sp. ATCC 8456,946435,"[""E9NSU2""]",HHHHHHMATLKRDKGLDNTLKVLKQGYLYTTNQRNRLNTSVFQTKALGGKPFVVVTGKEGAEMFYNNDVVQREGMLPKRIVNTLFGKGAIQTVDGKKHVDRKALFMSLMTEGNLNYVRELTRTLWHANTQRMESMDEVNIYRESIVLLTKVGTRWAGVQAPPEDIERIATDMDIMIDSFRALGGAFKGYKASKEARRRVEDWLEEQIIETRKGNIHPPEGTALYEFAHWEDYLGNPMDSRTCAIDLMNTFRPLIAINRFVSFGLHAMNENPITREKIKSEPDYAYKFAQEVRRYYPFVPFLPGKAKVDIDFQGVTIPAGVGLALDVYGTTHDESLWDDPNEFRPERFETWDGSPFDLIPQGGGDYWTNHRCAGEWITVIIMEETMKYFAEKITYDVPEQDLEVDLNSIPGYVKSGFVIKNVREVVDRT,428,"HEM:PROTOPORPHYRIN IX CONTAINING FE; EPA:5,8,11,14,17-EICOSAPENTAENOIC ACID",other,"EPA:5,8,11,14,17-EICOSAPENTAENOIC ACID",True
5DQN,1,Polyethylene 600-bound form of P450 CYP125A3 mutant from Myobacterium Smegmatis - W83Y,2.262,X-ray,Mycolicibacterium smegmatis MC2 155,246196,"[""A0R4Y3""]",MPTPNIPSDFDFLDATLNLERLPVEELAELRKSEPIHWVDVPGGTGGFGDKGYWLVTKHADVKEVSRRSDVFGSSPDGAIPVYPQDMTREAVDLQRAVLLNMDAPQHTRLRKIISRGFTPRAIGRLEDELRSRAQKIAQTAAAQGAGDFVEQVSCELPLQAIAELLGVPQDDRDKLFRWSNEMTAGEDPEYADVDPAMSSFELISYAMKMAEERAVNPTEDIVTKLIEADIDGEKLSDDEFGFFVVMLAVAGNETTRNSITHGMIAFAQNPDQWELYKKERPETAADEIVRWATPVSAFQRTALEDVELGGVQIKKGQRVVMSYRSANFDEEVFEDPHTFNILRSPNPHVGFGGTGAHYCIGANLARMTINLIFNAIADNMPDLKPIGAPERLKSGWLNGIKHWQVDYTGAGKASVSGAPGTCPVA,426,1PE:PENTAETHYLENE GLYCOL; CIT:CITRIC ACID; HEM:PROTOPORPHYRIN IX CONTAINING FE,other,CIT:CITRIC ACID,True
5JLC,1,Structure of CYP51 from the pathogen Candida glabrata,2.4,X-ray,Nakaseomyces glabratus CBS 138,284593,"[""P50859""]",LSYFQALPLAQRVSIMVALPFVYTITWQLLYSLRKDRPPLVFYWIPWVGSAIPYGTKPYEFFEDCQKKYGDIFSFMLLGRIMTVYLGPKGHEFIFNAKLADVSAEAAYSHLTTPVFGKGVIYDCPNHRLMEQKKFVKGALTKEAFVRYVPLIAEEIYKYFRNSKNFKINENNSGIVDVMVSQPEMTIFTASRSLLGKEMRDKLDTDFAYLYSDLDKGFTPINFVFPNLPLEHYRKRDHAQQAISGTYMSLIKERREKNDIQNRDLIDELMKNSTYKDGTKMTDQEIANLLIGVLMGGQHTSAATSAWCLLHLAERPDVQEELYQEQMRVLNNDTKELTYDDLQNMPLLNQMIKETLRLHHPLHSLFRKVMRDVAIPNTSYVVPRDYHVLVSPGYTHLQEEFFPKPNEFNIHRWDGDAASSSAAGGDEVDYGFGAISKGVSSPYLPFGGGRHRCIGELFAYCQLGVLMSIFIRTMKWRYPTEGETVPPSDFTSMVTLPTAPAKIYWEKRHPEQKYG,515,"HEM:PROTOPORPHYRIN IX CONTAINING FE; 1YN:2-[(2R)-butan-2-yl]-4-{4-[4-(4-{[(2R,4S)-2-(2,4-dichlorophenyl)-2-(1H-1,2,4-triazol-1-ylmethyl)-1,3-dioxolan-4-yl]methoxy}phenyl)piperazin-1-yl]phenyl}-2,4-dihydro-3H-1,2,4-triazol-3-one; PGE:TRIETHYLENE GLYCOL; 1PE:PENTAETHYLENE GLYCOL",other,"1YN:2-[(2R)-butan-2-yl]-4-{4-[4-(4-{[(2R,4S)-2-(2,4-dichlorophenyl)-2-(1H-1,2,4-triazol-1-ylmethyl)-1,3-dioxolan-4-yl]methoxy}phenyl)piperazin-1-yl]phenyl}-2,4-dihydro-3H-1,2,4-triazol-3-one",True
5L92,1,The 2.1 A crystal structure of CYP109E1 from Bacillus megaterium in complex with corticosterone,2.1,X-ray,Priestia megaterium DSM 319,592022,"[""D5DKI8""]",MKTERENGIVRQVNTIQTKEERFNPFSWYEEMRNTAPVQWDEERQVWDVFHYDGVKEVLEQKNIFSSDRRPPQNQRQTALGTSLINIDPPKHAEMRALVNKAFTPKAMKAWEPKIARITNELLQEVEHLEDIDIVEHLSYPLPVMVIADILGVPIEDQRQFKDWSDIIVAGPSNNERETLEKLQQEKMKANDELETYFYRIIEEKRTRPGDDIISVLLQAKEEGKQLTDEEIVGFSILLLIAGNETTTNLISNTIYCLMEDKASFERLKREKELLPSGIEEVLRYRSPVQALHRIVKEDVTLAGKKLKAGEHVVPWMGSAHRDAEYFEDPEVFKIDRKPNVHMAFGRGIHFCLGAPLARIEAKIMLAELIDRYPQMDWSPSFELKPIESTFVYGLKELLIRKNVHHHHHH,410,HEM:PROTOPORPHYRIN IX CONTAINING FE; MLA:MALONIC ACID; C0R:CORTICOSTERONE,other,MLA:MALONIC ACID; C0R:CORTICOSTERONE,True
5NCB,1,Crystal structure of Amycolatopsis cytochrome P450 GcoA in complex with guaiacol.,1.44,X-ray,Amycolatopsis sp. ATCC 39116,385957,"[""A0A076MY51""]",GPMTTTERPDLAWLDEVTMTQLERNPYEVYERLRAEAPLAFVPVLGSYVASTAEVCREVATSPDFEAVITPAGGRTFGHPAIIGVNGDIHADLRSMVEPALQPAEVDRWIDDLVRPIARRYLERFENDGHAELVAQYCEPVSVRSLGDLLGLQEVDSDKLREWFAKLNRSFTNAAVDENGEFANPEGFAEGDQAKAEIRAVVDPLIDKWIEHPDDSAISHWLHDGMPPGQTRDREYIYPTIYVYLLGAMQEPGHGMASTLVGLFSRPEQLEEVVDDPTLIPRAIAEGLRWTSPIWSATARISTKPVTIAGVDLPAGTPVMLSYGSANHDTGKYEAPSQYDLHRPPLPHLAFGAGNHACAGIYFANHVMRIALEELFEAIPNLERDTREGVEFWGWGFRGPTSLHVTWEV,409,HEM:PROTOPORPHYRIN IX CONTAINING FE; JZ3:Guaiacol,other,JZ3:Guaiacol,True
5OMR,1,Crystal structure of Amycolatopsis cytochrome P450 GcoA in complex with vanillin.,1.68,X-ray,Amycolatopsis sp. ATCC 39116,385957,"[""A0A3B6UEE9""]",GPMTTTERPDLAWLDEVTMTQLERNPYEVYERLRAEAPLAFVPVLGSYVASTAEVCREVATSPDFEAVITPAGGRTFGHPAIIGVNGDIHADLRSMVEPALQPAEVDRWIDDLVRPIARRYLERFENDGHAELVAQYCEPVSVRSLGDLLGLQEVDSDKLREWFAKLNRSFTNAAVDENGEFANPEGFAEGDQAKAEIRAVVDPLIDKWIEHPDDSAISHWLHDGMPPGQTRDREYIYPTIYVYLLGAMQEPGHGMASTLVGLFSRPEQLEEVVDDPTLIPRAIAEGLRWTSPIWSATARISTKPVTIAGVDLPAGTPVMLSYGSANHDTGKYEAPSQYDLHRPPLPHLAFGAGNHACAGIYFANHVMRIALEELFEAIPNLERDTREGVEFWGWGFRGPTSLHVTWEV,409,HEM:PROTOPORPHYRIN IX CONTAINING FE; V55:4-hydroxy-3-methoxybenzaldehyde,other,V55:4-hydroxy-3-methoxybenzaldehyde,True
5YHJ,1,Cytochrome P450EX alpha (CYP152N1) wild-type with myristic acid,2.3,X-ray,Exiguobacterium sp. AT1b,360911,"[""C4L2G9""]",MGKVIPKQEGLDHSVDFLREGYLFVANRRKSFQSNIFESRLLGERVICLGGEEAAEVFYDANKFTRQDAAPKRLLKTLFGEGGVQTLDGSEHTHRKQMFMSLMTKENIDRLLRLTYREWNQIERMGEEIVLYDIAQEVLMKAVCEWSGVPLAKEEVGKRTEEMRLLFESGTSLGPTYLQGRKARSSAEVWIRQMVKEVRSNRLLPNEHTALYEFSWHRDESGELLPEEVVAVEVLNILRPTVAISVYVLFTVLALHQFPDVKEQVERGEVSKTEFVQEVRRFYPFFPVAAARVKTDFEWDGYAFPEGTLTLLDLYGTNHDVSIWTEPDRFDPSRFKDWKESPFNFIPQGGGDVDFGHRCAGEHVTIAILAQVIELFTKEYAYTVPPQDLSYSFVDMPSLPKSKLRLTHLTRNQ,413,MYR:MYRISTIC ACID; HEM:PROTOPORPHYRIN IX CONTAINING FE,other,MYR:MYRISTIC ACID,True
7CB9,1,CYP76AH1/miltiradiene from Salvia miltiorrhiza,1.9,X-ray,Salvia miltiorrhiza,226208,"[""S4UX02""]",MDSFPLLAALFFIAATITFLSFRRRRNLPPGPFPYPIVGNMLQLGANPHQVFAKLSKRYGPLMSIHLGSLYTVIVSSPEMAKEILHRHGQVFSGRTIAQAVHACDHDKISMGFLPVASEWRDMRKICKEQMFSNQSMEASQGLRRQKLQQLLDHVQKCSDSGRAVDIREAAFITTLNLMSATLFSSQATEFDSKATMEFKEIIEGVATIVGVPNFADYFPILRPFDPQGVKRRADVFFGKLLAKIEGYLNERLESKRANPNAPKKDDFLEIVVDIIQANEFKLKTHHFTHLMLDLFVGGSDTNTTSIEWAMSELVMNPDKMARLKAELKSVAGDEKIVDESAMPKLPYLQAVIKEVMRIHPPGPLLLPRKAESDQEVNGYLIPKGTQILINAYAIGRDPSIWTDPETFDPERFLDNKIDFKGQDYELLPFGSGRRVCPGMPLATRILHMATATLVHNFDWKLEDDSTAAADHAGELFGVAVRRAVPLRIIPIVKS,495,HEM:PROTOPORPHYRIN IX CONTAINING FE; J6C:Miltiradiene,other,J6C:Miltiradiene,True
5YSW,1,Crystal Structure Analysis of Rif16 in complex with R-L,2.6,X-ray,Amycolatopsis mediterranei U32,749927,"[""A0A0H3CVZ6""]",MGSSHHHHHHSSGLVPRGSHMVTTKVTENAPSTESLRSPLPPEFVRREDPFHVPPALVAVSERGPVARATLAAGDPFWLVSGYEEARAVLSDPRFSSDRFQYHPWFKELSPEFRERLRDDKARAGSFINMDPPEHTRYRKLLTGQFTVRRIRELGARIDEIVAGRVDAMLAGGTTADLMTEFAFPAPSLMICELLGVRYEDRAEFQQRASALLQMNAPVAEAVKNADALRAFMQALVTDKRANPAGDIISGLIHHAGADPALTDDELINIANLLLIAGYDTTASMLGLGIFVLLQRPAQLATLRDDPSRIADAVEELLRYLSVVNPGIFRFAKEDLEFAGEHIPAGSTVVVSVVATNRDARHWPDPDLDLTRPRGPHLAFGHGVHQCLGQQLARMEMQAGYAELLRRLPNVRLAVPPEEVPLRNDMLTYGVHSLPIAWDAP,441,"9LF:(2S,12E,14E,16S,17S,18R,19R,20R,21S,22R,23S,24E)-21-(acetyloxy)-5,6,17,19-tetrahydroxy-23-methoxy-2,4,12,16,18,20,22-heptamethyl-1,11-dioxo-1,2-dihydro-2,7-(epoxypentadeca[1,11,13]trienoimino)naphtho[2,1-b]furan-9-yl hydroxyacetate; HEM:PROTOPORPHYRIN IX CONTAINING FE",other,"9LF:(2S,12E,14E,16S,17S,18R,19R,20R,21S,22R,23S,24E)-21-(acetyloxy)-5,6,17,19-tetrahydroxy-23-methoxy-2,4,12,16,18,20,22-heptamethyl-1,11-dioxo-1,2-dihydro-2,7-(epoxypentadeca[1,11,13]trienoimino)naphtho[2,1-b]furan-9-yl hydroxyacetate",True
6F8A,1,Crystal structure of cytochrome P450 CYP260A1 (S276I) bound with histidine,1.35,X-ray,Sorangium cellulosum So ce56,448385,"[""A9FDB7""]",MDFPLANLFFVPSEDATAFGRRLRAAAQQAPIVFDTAFGMPILLRKSHITTAYRDTATFSTRMFQAGILNGGLAAMQGDEHARMRRVYNMFFLPRAVSQYEERFVRPISEQVVDRLAGKPRVDLLEDFAMELPRRVIGELFGFPAEKLHETDERVRAMLRGLVRMHDPAAVAESQRAYGETLGLITEVVERESRDTSDTLLGEILRTLKAEHMDTIEASRQIVLSLILGGYETTSWLVANTIHALLAHPDTLARVRQDPSLLPAAIEEGMRWCPSIFGVLRMVERDVRLDDQALSAGTVVCLAGIAGNYDETAYPSPEVYDIDRKPLPAANVFGGGAHFCVGAPLARMEARVGLQALLARFPGLRAVPEERPSFMYGAKDSVAHGPDKLPVLLHHHHHHH,400,HEM:PROTOPORPHYRIN IX CONTAINING FE; HIS:HISTIDINE,other,HIS:HISTIDINE,True
6GK6,1,Crystal structure of myxobacterial cytochrome P450 CYP267B1 in complex with myristic acid,1.6,X-ray,Sorangium cellulosum So ce56,448385,"[""A9ERX9""]",MVDQDAFPELFHPSSRAEPHAIYARMRAAGRLHRLVHPRLDVPIWVAVRYDDCVELLKDPRLIRDFRKLPDEVRRRYFPLSDRTTFMDQHMLDADPPDHTRLRAIVQRAFSPRMMEGLRPRIQEIADGLIDAVIDRRRMELIADFAFPLPTAVIAELLGLPVEDRGRFRRWTKILLAPAKDREFVERAQPVVEEFAAYFRALADARRKAPRDDLISGLLLAEEQEHKLSPAELSSMVFLLLVAGHETTVHLIASGMLLLLSHPAERRRLDEDPGLVGSAVEEALRCEGPAELSTIRWSLEDIELFGARVPAGEGVAAGLLAANRDPQHFPDPDRFDIGRSPNRHIGFGGGIHFCLGAMLARIEAAIAFSTLLRRLPRIELATSTRDIVWSEWPTIRGPAAVPVVFHHHHHH,411,HEM:PROTOPORPHYRIN IX CONTAINING FE; MYR:MYRISTIC ACID,other,MYR:MYRISTIC ACID,True
6HQL,1,Crystal structure of GcoA F169H bound to guaiacol,1.49,X-ray,Amycolatopsis sp. ATCC 39116,385957,"[""P0DPQ7""]",MTTTERPDLAWLDEVTMTQLERNPYEVYERLRAEAPLAFVPVLGSYVASTAEVCREVATSPDFEAVITPAGGRTFGHPAIIGVNGDIHADLRSMVEPALQPAEVDRWIDDLVRPIARRYLERFENDGHAELVAQYCEPVSVRSLGDLLGLQEVDSDKLREWFAKLNRSHTNAAVDENGEFANPEGFAEGDQAKAEIRAVVDPLIDKWIEHPDDSAISHWLHDGMPPGQTRDREYIYPTIYVYLLGAMQEPGHGMASTLVGLFSRPEQLEEVVDDPTLIPRAIAEGLRWTSPIWSATARISTKPVTIAGVDLPAGTPVMLSYGSANHDTGKYEAPSQYDLHRPPLPHLAFGAGNHACAGIYFANHVMRIALEELFEAIPNLERDTREGVEFWGWGFRGPTSLHVTWEV,407,HEM:PROTOPORPHYRIN IX CONTAINING FE; JZ3:Guaiacol,other,JZ3:Guaiacol,True
6KFW,1,The cytochrome P450 enzyme CxnD for C-S bond formation in chuangxinmycin biosynthesis,2.0,X-ray,Actinoplanes tsinanensis,2039464,"[""A0A290YXM6""]",MHHHHHHTDVIPTEFFTEPGSNPHATAAEYRSKCPVHRINVPPGADAYAVLGNKVVEEALGDSRLSKQVENLPARYRDKAVASSLLVVGNLGFADAPKHTRLKKPISRAFLPATVAQLRPRIQDIVDDLIDTFPENGEIDLLSSFALPMPLTVICEYLGIPVADRPLFLEWSYILSQDPLQHDEAELKAASEEFTDYFTKLVAERRTDLRDDLLSEIIRARDAGVYSETELLSTLLLLIIAGHKTVANMIGNGTALLLRHPQQLEMLRATPELIPSAIEEILRYEGSAAWASLRVAAEDMQLAGVDIPKGSFVHLSLSSAGRDPDVYDDPDGFDVTRSPNRHLSFGHGPHFCIGAPLGRLQGEIAFSTLLRRLPRFELAVPPEEVAWLSDSSLSRGLEALPIRVGERLPR,410,HEM:PROTOPORPHYRIN IX CONTAINING FE; D8L:(2R)-3-(1H-indol-3-yl)-2-methylsulfanyl-propanoic acid,other,D8L:(2R)-3-(1H-indol-3-yl)-2-methylsulfanyl-propanoic acid,True
6LDL,1,Crystal structure of CYP116B46-N(20-445) from Tepidiphilus thermophilus in complex with HEME,1.38,X-ray,Tepidiphilus thermophilus,876478,"[""A0A0K6ITW2""]",QSSVGGCPVHRLAEDFDPFQDAYMADPAQFVRWAREQVPIFYAPKLNYWVVTRYDTIKQIFRDPVTFSPSNVLQSFAQPSAEVRQVLERYGYAFNRTLVNEDEPMHLERRRVLMEPFASEHLAEHEPMVRELVRRAVNRFIDTGRADLVDQMIWEVPFTVALHFLGVDDDDREKMRRFAIAHTVNAFGRPSPEEQLAVAETVGQFWQFCGEVLEKMRRTADGPGWMRYSIRQQKLYPDVVTDSYLHSMMQAIIVAAHETTVFATTNALKTLLEHETVWREICADPSLIPAAAEECLRYNGPVAGWRRRTTREVEVEGVRLPVGANILMVVASANHDSAHFDDPEFFDIGRSNASEHLNFGYGAHQCLGRNLGRMEMQIMIEELSRRLPHMRLAEQRFDYLHNVSFRAPRHLWVEWDPAQNPERRDP,426,HEM:PROTOPORPHYRIN IX CONTAINING FE; BCN:BICINE; GOL:GLYCEROL,other,BCN:BICINE,True
7F3H,1,Crystal structure of cytochrome P450DA heme domain,2.5,X-ray,Deinococcus aerius,200253,"[""A0A2I9DQ46""]",MTRILAPIPSPPKHPQYGHLHYLAGDAPVLNFFQLARQIPEGLFQLDIQGRTLIQAYDPNLVAELTDERRFQKRVHPAYTNIRNLGGDGLFTSDSFEPNWGKAHRILLPAFSQRAMKGYFGQMLEVAQALVGKWERTQGQDVRVADDMTRLTLDTISLSGFDYRFRSFDKDELHPFLQALARAMHHTMTMNSRPPVLTPEMEEADRAYWADIASMNELVDEVIRERRGHGGGGGDLLGLMLNATDPETGERLSDENIRYQVMTFLIAGHETTSGLLAFTLYLLLRHPHVLAQAYAEVDRLLPGDAVPTYDTVMRLDVIPRILDEALRFWSTIPNYAVTALQDEVIGGKYEIRKGQQVALLIPALHRHPAAWTNPDEFDIDRWTSENRRTHHPAAYKPFGNGMRACIGRQFALTEAKLALLLILQKFALSDPYDYHLKVKQSLTIKPEDFALRVRERRPHERFSVPVPVVEEPQQDLSRVSVAGTGVALTVAYGLEHHHHHH,501,HEM:PROTOPORPHYRIN IX CONTAINING FE; SER:SERINE,other,SER:SERINE,True
7P6L,1,"Heme domain of CYP505A30, a fungal hydroxylase from Myceliophthora thermophila, bound to dodecanoic acid",2.33,X-ray,Thermothelomyces thermophilus ATCC 42464,573729,"[""G2QDZ3""]",MADKTTETVPIPGPPGLPLVGNALAFDSELPLRTFQEFAEEYGEIYRLTLPTGTTLVVSSQALVHELCDDKRFKKPVAAALAEVRNGVNDGLFTAREEEPNWGIAHRILMPAFGPASIQGMFTEMHEIASQLALKWARHGPDTPIFVTDDFTRLTLDTLALCTMNFRFNSYYHDELHPFINAMGNFLTESGARAMRPAITSIFHQAANRKYWEDIEVLRKTAQGVLDTRRKHPTNRKDLLSAMLDGVDAKTGQKLSDSSIIDNLITFLIAGHETTSGLLSFAFYLLIKHQDAYRKAQEEVDRVIGKGPIKVEHIKKLPYIAAVLRETLRLCPTIPIINRAAKQDEVIGGKYAVAKDQRLALLLAQSHLDPAVYGETAKQFIPERMLDENFERLNREYPDCWKPFGTGMRACIGRPFAWQEAVLVMAMLLQNFDFVLHDPYYELHYKQTLTTKPKDFYMRAILRD,464,HEM:PROTOPORPHYRIN IX CONTAINING FE; DAO:LAURIC ACID,other,DAO:LAURIC ACID,True
7Q9E,1,CYP106A1,1.7,X-ray,Priestia megaterium DSM 319,592022,"[""D5DF35""]",MNKEVIPVTEIPKFQSRAEEFFPIQWYKEMLNNSPVYFHEETNTWNVFQYEHVKQVLSDYEFFSSDGQRTTIFVGDNSKKKSTSPITNLTNLDPPDHRKARSLLAAAFTHRSLKNWEPRIKQIAADLVEAIQKNPTINIVDDLSSPFPSLVIADLFGVPVKDRYQFKKWVDILFQPYDQERLEEIEQEKQRAGAEYFQYLYPIVIEKRSNLSDDIISDLIQAEFDGETFTDEEIVHATMLLLGAGVETTSHAIANMFYSFLYDDKSLYSELRNNRELAPKAVEEMLRYRFHISRRDRTVKQDNELLGVKLKKGDVVIAWMSACNMDETMFENPFSVDIHRPTNKKHLTFGNGPHFCLGAPLARLEMKIILEAFLEAFSHIEPFEDFELEPHLTASATGQSLTYLPMTVYRHHHHHH,416,HEM:PROTOPORPHYRIN IX CONTAINING FE; PEG:DI(HYDROXYETHYL)ETHER; CO:COBALT (II) ION; PEO:HYDROGEN PEROXIDE; IMD:IMIDAZOLE; DMS:DIMETHYL SULFOXIDE,other,PEO:HYDROGEN PEROXIDE; IMD:IMIDAZOLE,True
7QAN,1,Cytochrome P450 Enzyme AbyV,2.01,X-ray,Micromonospora maris AB-18-032,263358,"[""F4F6Q5""]",MAHHHHHHSSGLEVLFQGPMIEIPSAATASPQYPQRRACPYRPAGGYERPVTRVRLYDGRPAWLVTGHETARQVLLDAATFSSDRQHPAFPALAARFEAARAVRNFIGMDPPEHTAQRRMLISGFTAKRVATLRPAITEIVDSLLDEVVRRGPGVDLVATFTLPVPSVVICRLLGVPYADHEFFEHQSRRIAAGTSTAAESADAFGQLKRYLLGLIETKGRGGEDMLDVLVDEQVATGTVTTPDLVDLALLLLVAGHETTASTLALGVALLLEQDGGAVAADPTRVGAVVEEILRHTAVADGVARFATRDTEVAGVRIAAGDAVVVALSAANRDPGPFPDPDRFDPRRGGRQHVTFGHGPHQCIGANLARAELEIALSRLFTRLPTLALAVPVEELGGKEAGGVQGVQRLPVTW,414,"HEM:PROTOPORPHYRIN IX CONTAINING FE; GOL:GLYCEROL; P33:3,6,9,12,15,18-HEXAOXAICOSANE-1,20-DIOL; P6G:HEXAETHYLENE GLYCOL; PEG:DI(HYDROXYETHYL)ETHER; PGE:TRIETHYLENE GLYCOL",other,"P33:3,6,9,12,15,18-HEXAOXAICOSANE-1,20-DIOL",True
8ABS,1,"Crystal structure of CYP109A2 from Bacillus megaterium bound with testosterone and putative ligand 4,6-dimethyloctanoic acid",1.75,X-ray,Priestia megaterium DSM 319,592022,"[""D5DF88""]",MNPKAVKRENRYANLIPMQEIKSVEQQLYPFDIYNSLRQEAPIRYDESRNCWDVFDYETVKYILKNPSLFSSKRAMEERQESILMMDPPKHTKLRNLVNKAFTPRAIQHLEGHIEEIADYLLDEVSSKEKFDIVEDFAGPLPIIVIAELLGVPIQDRALFKKYSDDLVSGAENNSDEAFAKMMQKRNEGVIFLQGYFKEIIAERQQNKQEDLISLLLEAEIDGEHLTEEEVLGFCILLLVAGNETTTNLITNGVRYMTEDVDVQNEVRRDISLVPNLVEETLRYYPPIQAIGRIAAEDVELGECKIKRGQQVISWAASANRDSAKFEWPDTFVVHRKTNPHVSFGFGIHFCLGAPLARMEGKIAFTKLLEKGGFSKVQNQSLKPIDSPFVFGVKKYEIAFNNAHHHHHH,409,"HEB:HEME B/C; W2L:(4~{S},6~{S})-4,6-dimethyloctanoic acid; TES:TESTOSTERONE",other,"W2L:(4~{S},6~{S})-4,6-dimethyloctanoic acid; TES:TESTOSTERONE",True
8B2P,1,CYP153A71 from Acinetobacter dieselolei bound to octanoic acid,1.95,X-ray,Alloalcanivorax dieselolei,285091,"[""D0Q1H3""]",MSTKSGTNDAMQTKMINATSRLVPMHLQIKALKSLMKAKKKALGSTRPQVKFLERPVPDVNTLALEDIDTSNPFLYRQDQWGAYFKRLRDEAPVHFQKSSQFGPFWSVTRYEDILFVDKNHELFSSEPQIILGDPPEGLSVEMFIAMDPPKHDVQRRAVQGVVAPQNLKEMEGLIRQRAAEVLDSLPLDKAFNWVPAVSKELTGRMLATLLDFPYEQRHKLVDWSDRLSGASSATGGEFTDEDIMFDDAADMAWSFSRLWRDKEARRKAGEPPGFDLISMLQSNKDTRDLINRPMEFIGNLALLIVGGNDTTRNSMSGGVLALNQFPEEFIKLKKNPELIPNMVSEIIRWQTPLAHMRRVATQDVELRGQTIKKGDRVLMWYASGNRDERKFENPDQLIIDRKDARNHISFGYGIHRCMGNRLAELQLRILWEELLKRFDNIEVVGEPERVQSNFVRGYSKLMVKLTAKN,470,HEM:PROTOPORPHYRIN IX CONTAINING FE; OCA:OCTANOIC ACID (CAPRYLIC ACID),other,OCA:OCTANOIC ACID (CAPRYLIC ACID),True
8RTV,1,Crystal structure of CYP154E1 from Thermobifida fusca YX in complex with 4-Phenylimidazole,2.002,X-ray,Thermobifida fusca YX,269800,"[""Q47KL3""]",RPHTVYLDPAKGVDIPAQRRELLDKGPVVRVAFPGNLEVWALTHDAPLRNALADESVFVRGWRNWRALMAGEVDPTHPVANMLRVESMLARSGADHKRMRGLVQAAFTRRRVEALRPRIEEITNELLDRMAESDGVVDLKAAYSFPLPIRVISELLGLNEEDHLTLQTLVTRTLSGTDPEANADAFTFVASLIEAKRKNLDDGLISAMIEARAEDGDRLSETELIHNTLLLIIGGFETTMGMISNSVQLLLTHPDQLHLLRTGQASWENAIEECLRFESAVVMLPFLYTTRDVEIDGITIPAGDAVLIGFGPANRDPQAYDDPDRFDITRPRPRHLAFGHGAHLCLGAALARLELLIALPALFERFPDITLVGEAPPTPTVFMNHPLSRPVLLRK,395,HEM:PROTOPORPHYRIN IX CONTAINING FE; 231:4-PHENYL-1H-IMIDAZOLE,other,231:4-PHENYL-1H-IMIDAZOLE,True
8U1I,1,Crystal structure of SyoA bound to 4-methylsyringol,1.12,X-ray,Amycolatopsis thermoflava N1165,1068979,"[""A0AAX7FLX8""]",GAMTTKHTTAGDTQEWLATVTVEQLENDPYPIFERLRREAPVAWIPAAHAWVASTWEACRTIADDATNFRGGTSPMHERVLGTDHILGAEGETHQDLRAAVDPPLKPRAFRPLLEEQVRPTVRRYLEAIRGQGKAELMADYFEPISVRCVGDVIGLTDVDSDTLRRWFHALARGIANTAMDAEGRFTNPGGFAPADEAGAEIREVLEPLVAKLSAEPDGSALSHYLHHGRPHGDPRTLEQLLPSLKVIILGGLQEPGHQCAATFLGLTTRPEQLKRVTEDATLLPRALTEGLRWMSPVFSASSRLPLREITMGEATMRPGQTVWLSYGSANRDEAVFDRPDVFDLDRATHPHLAFGTGRHLCSGSAYAPQVARIALEELFTAFPSIRLDPAHEVPVWGWLFRGPQRLDVLWD,412,"HEM:PROTOPORPHYRIN IX CONTAINING FE; UB9:2,6-dimethoxy-4-methylphenol; NO3:NITRATE ION",other,"UB9:2,6-dimethoxy-4-methylphenol; NO3:NITRATE ION",True
8VWK,1,Crystal Structure of a fatty acid decarboxylase from Kocuria marina in complex with myristic acid,2.05,X-ray,Kocuria marina,223184,"[""A0A0B0D9P4""]",MGSSHHHHHHSSGLVPRGSHMMTSTAGRTRPDQVLSFLRSGYLFASRVRRRTGVSPESGAPVSMNLLGKRSVLVRGEEGVDLFYDTSRMKRHGAMPLFIRGPLFGSGAVHALDGDAHAARKNQMADMAYEDERVAQYKPFVAEELEMLIREWTSPGNVYDGTALAFGRASFRWAGIPWSRQEMDRQARRMSRLLDTFGRPATHPISWFERFRLDRTFTQLIHGVRSGTVAADPDSVLAHMARLVDENGGLVDEKTAAVELQNLTRPNVAVARFAAFAGAALVEHPEWAARIHEASQARGGSLLDIPEAVAFAQEVRRVYPFVPMLPAEATADTEIKGCPIHKGQRVLIDILGTNNDPASWERAGTFDPERFMGVDDAEAIRTFIPQGGAEVRTGHRCPGEKIAVTSLSAAVVALARPNVELGTDPDDLTFSWTHMLTRPATGMRVRTAH,449,HEM:PROTOPORPHYRIN IX CONTAINING FE; GOL:GLYCEROL; PEG:DI(HYDROXYETHYL)ETHER; MYR:MYRISTIC ACID,other,MYR:MYRISTIC ACID,True
8W1K,1,Crystal Structure of a fatty acid decarboxylase from Corynebacterium lipophiloflavum in complex with oleic acid,1.7,X-ray,Corynebacterium lipophiloflavum,161889,"[""C0XPZ5""]",MGSSHHHHHHSSGLVPRGSHMMRMTSNQNPRVSGDRTIQFLTDGYLLPSNLRKTAGLEPESMCPVTTKLLGQDATIVRGSAGIDLFYDEDVMQREGAMPPVIGDALVGKGAVHNLDGEEHKVRKAQMAAMAYEDERVAEFAPLVAEEVERAVAGWEGAQGNVFEDLSLAFGRAAFRWAGIDLPAENTDELVGRMITLLDNFGTATGTPKAFWQRRQLDNWAEALITDVREGRITARPDCVLEHMAQLTDASGERVDARTAGIELQNLTRPTVAVGFFASFAAVALAENPQWRTRINESETGREAFAFAQEVRRFYPFVPMFPAKATKDTEFEGCPIHQGQRVILDFVGTLHSAEEWDNPASFDPERFMAYETQSEAETIKPFIPQGGADVRTGHRCPGEKIAVTALSAAVEALARPEVRISAEAIDINYSMTEILARPKSGVRVTVASSS,450,OLA:OLEIC ACID; PEG:DI(HYDROXYETHYL)ETHER; GOL:GLYCEROL; PGE:TRIETHYLENE GLYCOL; HEM:PROTOPORPHYRIN IX CONTAINING FE,other,OLA:OLEIC ACID,True
9CJG,1,"P450-G9 from Actinokineospora terrae, a non-canonical, serine-ligated cytochrome P450 in the ligand-free, closed conformation",1.85,X-ray,Actinokineospora terrae,155974,"[""A0A1H9KM06""]",MGSSHHHHHHSSGLVPRGSHMSELFGRAFHVDPYPIYARLRAGGGIRQVSTPDGAAAWVVTRYDDVRAGLADPRLSVDRSNAGAGYRGFSLPPALDANLLNLDPPDHTRLRTLIAGEFTPRRVHELVPAIEAAARELLAGLPSGEPVDLIAGFAAPLPLRVIGDLLGVPPADRARFRGWTTTLLTPGPDQPPTAARDAVVAMHGFLVDLVAAKRAEPGHDLLSGLIAVRDDEDRLSEAELVSMAFLALWAGYENLVHLIGNGVRALLAAPDQLADLRSDEALLPRAIEELTRFDQPLQWAIRRFPTRELDIAGVEVPAGDTVLLGIASANHDETVFDLPDTLDLRRDPNPHLSYGHGIHRSFGSRLSQAEAAAAFSALLARGFRAAVDLADLQWQPSFRNRGLTELPLLLG,411,HEM:PROTOPORPHYRIN IX CONTAINING FE; FMT:FORMIC ACID; 1BO:1-BUTANOL,other,1BO:1-BUTANOL,True
9G9R,1,Crystal structure of PbdA bound to p-ethylbenzoate,1.65,X-ray,Rhodococcus jostii RHA1,101510,"[""Q0SCI3""]",MGSSHHHHHSSGENLYFQGHMFAPAPALPVSDADPFALDVLQDPLPFQANLRDAGPVVYLRRYDVFALGRYEQVHAALTDWQSFQSAAGVGLSNFRYETPWRPPSILLEADPPHHDAPRAVLSKILGPRALQKLRAAWIQDAEALVDQLLANTTEFDAVTDLAAAFPLRVFPDAVGIPDAGRENLLPYGDHAFNAFGPANGLVEKGAPRVAELSGWVNAQCARDALTGDGFGAQIWAAADRGDITYEQAPLVVRSLLTAGVDTTVNGLAAVLYAFATHPDQWARLRENRTLARTAFDEAVRWESPVQTFFRTATRDTEIGGATIPDGKKILMFLGAANRDPRRWENPEVFDLGRNPSGHVGYGMGIHQCVGQHVARLESEALLTALASRVHSLEIAGPVHRHLNNTLRSWESVPVKVRLP,420,HEM:PROTOPORPHYRIN IX CONTAINING FE; EGM:4-ethylbenzoic acid; GOL:GLYCEROL,other,EGM:4-ethylbenzoic acid,True
9JQM,1,X-ray structure of cytochrome P450 OleT from Lacicoccus alkaliphilus in complex with icosanoic acid,2.44,X-ray,Lacicoccus alkaliphilus DSM 16010,1123231,"[""A0A1M7CBV6""]",MATIKKDKGIDNTAKIAKQGYLYTTNQRERLGVKDGVFETRGLGGKRIIILSGKDGAELFYDNDKVERSGTLPKRVVNTLFGKGAIHTTTGKVHVDRKALFMSLMTEGNLQYLRELTRNHWLMNTQRMENMDQVNVYRESIILLTKVGTRWAGVQAPEKEIENIATDMDIMIDSFKAIGSAFKGYRASKAARRRVEDWLEDQIIQTRKGKIHPPKGTALYEFAHWKDYKGEPMDSRLCGIDLMNTFRPLIAINRFIAFGALAMHENPVAREKIKQDDDYAYMFAQEVRRFYPFVPYLPGKVKEDFQYKGYDFEKDTMLAIDIYGTMHDPDVWENPNEFYPERFKDWDGSPFDLIPQGGGDYYTNHRCAGEWMTIIIMQETMKYFASRITYDVPEQDLTVDLNSLPGYVKSGFIIENVREVVDRDLEHHHHHH,432,HEM:PROTOPORPHYRIN IX CONTAINING FE; DCR:icosanoic acid; GOL:GLYCEROL,other,DCR:icosanoic acid,True
