file_name,ok,selected_chain,length,reason,invalid_chars,parser
1F4T.pdb,1,A,367,ok,,pdb
1N97.pdb,1,A,385,ok,,pdb
1NR6.pdb,1,A,462,ok,,pdb
1ODO.pdb,1,A,396,ok,,pdb
1Q5D.pdb,1,A,401,ok,,pdb
1R9O.pdb,1,A,455,ok,,pdb
1S1F.pdb,1,A,397,ok,,pdb
1Z8O.pdb,1,A,402,ok,,pdb
2CD8.pdb,1,B,393,ok,,pdb
2CIB.pdb,1,A,420,ok,,pdb
2DKK.pdb,1,A,399,ok,,pdb
2FDV.pdb,1,A,465,ok,,pdb
2HI4.pdb,1,A,480,ok,,pdb
2NNJ.pdb,1,A,463,ok,,pdb
2VE3.pdb,1,A,435,ok,,pdb
2WHF.pdb,1,A,394,ok,,pdb
2WIY.pdb,1,A,394,ok,,pdb
2XBK.pdb,1,A,391,ok,,pdb
2XC3.pdb,1,A,409,ok,,pdb
2XFH.pdb,1,A,394,ok,,pdb
2Y5N.pdb,1,B,400,ok,,pdb
2YOO.pdb,1,A,396,ok,,pdb
3ABA.pdb,1,A,397,ok,,pdb
3B6H.pdb,1,B,470,ok,,pdb
3B99.pdb,1,A,445,ok,,pdb
3DBM.pdb,1,A,467,ok,,pdb
3DSK.pdb,1,A,466,ok,,pdb
3E6I.pdb,1,A,462,ok,,pdb
3EJB.pdb,1,H,387,ok,,pdb
3MVR.pdb,1,A,463,ok,,pdb
3N9Y.pdb,1,A,471,ok,,pdb
3NV6.pdb,1,A,404,ok,,pdb
3OFT.pdb,1,A,396,ok,,pdb
3P3Z.pdb,1,A,407,ok,,pdb
3PM0.pdb,1,A,459,ok,,pdb
3R9B.pdb,1,A,391,ok,,pdb
3TBG.pdb,1,A,467,ok,,pdb
3WEC.pdb,1,A,401,ok,,pdb
3WVS.pdb,1,A,393,ok,,pdb
4C27.pdb,1,A,444,ok,,pdb
4DNJ.pdb,1,A,399,ok,,pdb
4EJI.pdb,1,A,464,ok,,pdb
4G3J.pdb,1,A,448,ok,,pdb
4I8V.pdb,1,A,477,ok,,pdb
4IPS.pdb,1,A,394,ok,,pdb
4L4E.pdb,1,A,405,ok,,pdb
4OQR.pdb,1,A,386,ok,,pdb
4PXH.pdb,1,A,417,ok,,pdb
4R21.pdb,1,B,423,ok,,pdb
4TPN.pdb,1,A,386,ok,,pdb
4UBS.pdb,1,A,393,ok,,pdb
4WQ0.pdb,1,A,397,ok,,pdb
4Y8W.pdb,1,C,442,ok,,pdb
4YZR.pdb,1,A,389,ok,,pdb
4Z5Q.pdb,1,A,364,ok,,pdb
5CWE.pdb,1,A,393,ok,,pdb
5E58.pdb,1,C,465,ok,,pdb
5EDT.pdb,1,A,395,ok,,pdb
5ESG.pdb,1,A,526,ok,,pdb
5FOI.pdb,1,A,389,ok,,pdb
5FYG.pdb,1,A,422,ok,,pdb
5IT1.pdb,1,A,395,ok,,pdb
5JLC.pdb,1,A,506,ok,,pdb
5L92.pdb,1,A,386,ok,,pdb
5LI7.pdb,1,A,373,ok,,pdb
5M0O.pdb,1,C,421,ok,,pdb
5NCB.pdb,1,A,403,ok,,pdb
5OMR.pdb,1,A,403,ok,,pdb
5TL8.pdb,1,A,450,ok,,pdb
5TZ1.pdb,1,A,484,ok,,pdb
5UFG.pdb,1,A,464,ok,,pdb
5XJN.pdb,1,A,403,ok,,pdb
5YHJ.pdb,1,B,411,ok,,pdb
5YSW.pdb,1,A,374,ok,,pdb
5Z9J.pdb,1,C,392,ok,,pdb
6A15.pdb,1,A,439,ok,,pdb
6A7J.pdb,1,A,407,ok,,pdb
6B11.pdb,1,A,385,ok,,pdb
6BLD.pdb,1,A,414,ok,,pdb
6C93.pdb,1,A,478,ok,,pdb
6CR2.pdb,1,A,469,ok,,pdb
6F0C.pdb,1,A,383,ok,,pdb
6F8A.pdb,1,A,395,ok,,pdb
6FYJ.pdb,1,A,417,ok,,pdb
6G5Q.pdb,1,B,381,ok,,pdb
6G71.pdb,1,A,393,ok,,pdb
6GK6.pdb,1,A,403,ok,,pdb
6H1L.pdb,1,B,454,ok,,pdb
6HQD.pdb,1,C,415,ok,,pdb
6HQL.pdb,1,A,402,ok,,pdb
6J83.pdb,1,A,392,ok,,pdb
6J87.pdb,1,A,395,ok,,pdb
6J95.pdb,1,A,445,ok,,pdb
6JLV.pdb,1,A,455,ok,,pdb
6KBH.pdb,1,A,765,ok,,pdb
6KFW.pdb,1,A,407,ok,,pdb
6KZS.pdb,1,A,396,ok,,pdb
6L3A.pdb,1,B,393,ok,,pdb
6LDL.pdb,1,A,418,ok,,pdb
6M4P.pdb,1,A,378,ok,,pdb
6MCW.pdb,1,A,446,ok,,pdb
6RO8.pdb,1,A,414,ok,,pdb
6WGW.pdb,1,A,408,ok,,pdb
6XA2.pdb,1,A,399,ok,,pdb
6XAL.pdb,1,A,394,ok,,pdb
6ZI3.pdb,1,B,403,ok,,pdb
7CL8.pdb,1,A,400,ok,,pdb
7DLS.pdb,1,A,392,ok,,pdb
7E7F.pdb,1,A,472,ok,,pdb
7F3H.pdb,1,D,464,ok,,pdb
7MK8.pdb,1,B,465,ok,,pdb
7OQ6.pdb,1,A,399,ok,,pdb
7OW9.pdb,1,A,393,ok,,pdb
7P5T.pdb,1,A,396,ok,,pdb
7P6L.pdb,1,A,458,ok,,pdb
7Q9E.pdb,1,C,397,ok,,pdb
7QAN.cif,1,AAA,378,ok,,mmcif
7SH5.pdb,1,B,399,ok,,pdb
7SHI.pdb,1,A,391,ok,,pdb
7SMZ.pdb,1,A,395,ok,,pdb
7TEF.pdb,1,A,433,ok,,pdb
7UWP.pdb,1,A,444,ok,,pdb
7V43.pdb,1,A,432,ok,,pdb
7WYG.pdb,1,B,411,ok,,pdb
7WZM.pdb,1,A,458,ok,,pdb
7Y9O.pdb,1,A,390,ok,,pdb
7ZB9.pdb,1,A,431,ok,,pdb
8ABO.pdb,1,A,391,ok,,pdb
8ABS.pdb,1,A,394,ok,,pdb
8AMQ.pdb,1,A,464,ok,,pdb
8B2P.pdb,1,A,422,ok,,pdb
8D8P.pdb,1,A,420,ok,,pdb
8EUH.pdb,1,A,418,ok,,pdb
8FIC.pdb,1,A,418,ok,,pdb
8FKB.pdb,1,A,424,ok,,pdb
8FZ8.pdb,1,A,390,ok,,pdb
8HGE.pdb,1,B,424,ok,,pdb
8HKJ.pdb,1,B,430,ok,,pdb
8HNZ.pdb,1,A,390,ok,,pdb
8JNC.pdb,1,A,391,ok,,pdb
8JNP.pdb,1,A,390,ok,,pdb
8K1X.pdb,1,A,390,ok,,pdb
8Q6Y.pdb,1,A,389,ok,,pdb
8RTV.pdb,1,A,395,ok,,pdb
8U1I.pdb,1,A,402,ok,,pdb
8VK6.cif,1,A,527,ok,,mmcif
8VWK.pdb,1,A,430,ok,,pdb
8W1K.pdb,1,B,421,ok,,pdb
9CJG.pdb,1,A,388,ok,,pdb
9CV8.cif,1,A,390,ok,,mmcif
9DOE.pdb,1,A,393,ok,,pdb
9G9R.pdb,1,A,394,ok,,pdb
9JHW.pdb,1,A,402,ok,,pdb
9JQM.pdb,1,B,428,ok,,pdb
9KG5.pdb,1,A,405,ok,,pdb
9KPU.cif,1,B,386,ok,,mmcif
9MS2.cif,1,A,465,ok,,mmcif
9RXH.pdb,1,B,428,ok,,pdb
