pdb_id,entity_id,title,resolution,experimental_method,organism_name,ncbi_taxonomy_id,uniprot_ids,sequence,sequence_length,ligands,species_category
2RCL,1,"Crystal Structure of Arabidopsis thaliana Allene Oxide Synthase (AOS, cytochrome P450 74A, CYP74A) Complexed with 12R,13S-Vernolic Acid at 2.4 A resolution",2.41,X-ray,Arabidopsis thaliana,3702,"[""Q96242""]",MAKKTSSGSETPDLTVATRTGSKDLPIRNIPGNYGLPIVGPIKDRWDYFYDQGAEEFFKSRIRKYNSTVYRVNMPPGAFIAENPQVVALLDGKSFPVLFDVDKVEKKDLFTGTYMPSTELTGGYRILSYLDPSEPKHEKLKNLLFFLLKSSRNRIFPEFQATYSELFDSLEKELSLKGKADFGGSSDGTAFNFLARAFYGTNPADTKLKADAPGLITKWVLFNLHPLLSIGLPRVIEEPLIHTFSLPPALVKSDYQRLYEFFLESAGEILVEADKLGISREEATHNLLFATCFNTWGGMKILFPNMVKRIGRAGHQVHNRLAEEIRSVIKSNGGELTMGAIEKMELTKSVVYECLRFEPPVTAQYGRAKKDLVIESHDAAFKVKAGEMLYGYQPLATRDPKIFDRADEFVPERFVGEEGEKLLRHVLWSNGPETETPTVGNKQCAGKDFVVLVARLFVIEIFRRYDSFDIEVGTSPLGSSVNFSSLRKASFHHHH,495,"HEM:PROTOPORPHYRIN IX CONTAINING FE; T25:(9Z)-11-[(2R,3S)-3-pentyloxiran-2-yl]undec-9-enoic acid; GOL:GLYCEROL",plants
3DSK,1,"Crystal Structure of Arabidopsis thaliana Allene Oxide Synthase variant (F137L) (At-AOS(F137L), Cytochrome P450 74A, CYP74A) Complexed with 12R,13S-Vernolic Acid at 1.55 A Resolution",1.55,X-ray,Arabidopsis thaliana,3702,"[""Q96242""]",MAKKTSSGSETPDLTVATRTGSKDLPIRNIPGNYGLPIVGPIKDRWDYFYDQGAEEFFKSRIRKYNSTVYRVNMPPGAFIAENPQVVALLDGKSFPVLFDVDKVEKKDLLTGTYMPSTELTGGYRILSYLDPSEPKHEKLKNLLFFLLKSSRNRIFPEFQATYSELFDSLEKELSLKGKADFGGSSDGTAFNFLARAFYGTNPADTKLKADAPGLITKWVLFNLHPLLSIGLPRVIEEPLIHTFSLPPALVKSDYQRLYEFFLESAGEILVEADKLGISREEATHNLLFATCFNTWGGMKILFPNMVKRIGRAGHQVHNRLAEEIRSVIKSNGGELTMGAIEKMELTKSVVYECLRFEPPVTAQYGRAKKDLVIESHDAAFKVKAGEMLYGYQPLATRDPKIFDRADEFVPERFVGEEGEKLLRHVLWSNGPETETPTVGNKQCAGKDFVVLVARLFVIEIFRRYDSFDIEVGTSPLGSSVNFSSLRKASFHHHH,495,"HEM:PROTOPORPHYRIN IX CONTAINING FE; T25:(9Z)-11-[(2R,3S)-3-pentyloxiran-2-yl]undec-9-enoic acid; GOL:GLYCEROL; OCT:N-OCTANE",plants
6A15,1,Structure of CYP90B1 in complex with cholesterol,1.79,X-ray,Arabidopsis thaliana,3702,"[""O64989""]",MAKRRNRKTRFNLPPGKSGWPFLGETIGYLKPYTATTLGDFMQQHVSKYGKIYRSNLFGEPTIVSADAGLNRFILQNEGRLFECSYPRSIGGILGKWSMLVLVGDMHRDMRSISLNFLSHARLRTILLKDVERHTLFVLDSWQQNSIFSAQDEAKKFTFNLMAKHIMSMDPGEEETEQLKKEYVTFMKGVVSAPLNLPGTAYHKALQSRATILKFIERKMEERKLDIKERKQRTDDDLLGWVLKHSNLSTEQILDLILSLLFAGHETSSVAIALAIFFLQACPKAVEELREEHLEIARAKKELGESELNWDDYKKMDFTQCVINETLRLGNVVRFLHRKALKDVRYKGYDIPSGWKVLPVISAVHLDNSRYDQPNLFNPWRWQQQTWGNNYMPFGGGPRLCAGSELAKLEMAVFIHHLVLKFNWELAEDDKPFAFPFVDFPNGLLIRVSRILHHHH,456,HEM:PROTOPORPHYRIN IX CONTAINING FE; CLR:CHOLESTEROL; GOL:GLYCEROL,plants
3DSJ,1,"Crystal Structure of Arabidopsis thaliana Allene Oxide Synthase Variant (F137L) (At-AOS(F137L), cytochrome P450 74A, CYP74A) Complexed with 13(S)-HOD at 1.60 A Resolution",1.6,X-ray,Arabidopsis thaliana,3702,"[""Q96242""]",MAKKTSSGSETPDLTVATRTGSKDLPIRNIPGNYGLPIVGPIKDRWDYFYDQGAEEFFKSRIRKYNSTVYRVNMPPGAFIAENPQVVALLDGKSFPVLFDVDKVEKKDLLTGTYMPSTELTGGYRILSYLDPSEPKHEKLKNLLFFLLKSSRNRIFPEFQATYSELFDSLEKELSLKGKADFGGSSDGTAFNFLARAFYGTNPADTKLKADAPGLITKWVLFNLHPLLSIGLPRVIEEPLIHTFSLPPALVKSDYQRLYEFFLESAGEILVEADKLGISREEATHNLLFATCFNTWGGMKILFPNMVKRIGRAGHQVHNRLAEEIRSVIKSNGGELTMGAIEKMELTKSVVYECLRFEPPVTAQYGRAKKDLVIESHDAAFKVKAGEMLYGYQPLATRDPKIFDRADEFVPERFVGEEGEKLLRHVLWSNGPETETPTVGNKQCAGKDFVVLVARLFVIEIFRRYDSFDIEVGTSPLGSSVNFSSLRKASFHHHH,495,"HEM:PROTOPORPHYRIN IX CONTAINING FE; 243:(9Z,11E,13S)-13-hydroxyoctadeca-9,11-dienoic acid; GOL:GLYCEROL; OCT:N-OCTANE",plants
6L8I,1,Crystal structure of CYP97A3 mutant S290D/W300L/S304V,1.7,X-ray,Arabidopsis thaliana,3702,"[""Q93VK5""]",GSFPSTVKNGLSKIGIPSNVLDFMFDWTGSDQDYPKVPEAKGSIQAVRNEAFFIPLYELFLTYGGIFRLTFGPKSFLIVSDPSIAKHILKDNAKAYSKGILAEILDFVMGKGLIPADGEIWRRRRRAIVPALHQKYVAAMISLFGEASDRLCQKLDAAALKGEEVEMESLFSRLTLDIIGKAVFNYDFDSLTNDTGVIEAVYTVLREAEDRSVDPIPVWDIPILKDIVPRQRKVATSLKLINDTLDDLIATCKRMVEEEELQFHEEYMNERDPSILHFLLASGDDVSSKQLRDDLMTMLIAGHETSAAVLTWTFYLLTTEPSVVAKLQEEVDSVIGDRFPTIQDMKKLKYTTRVMNESLRLYPQPPVLIRRSIDNDILGEYPIKRGEDIFISVWNLHRSPLHWDDAEKFNPERWPLDGPNPNETNQNFSYLPFGGGPRKCIGDMFASFENVVAIAMLIRRFNFQIAPGAPPVKMTTGATIHTTEGLKLTVTKRTKPLDIPSVPILPMDTSRDEVSSALS,519,HEM:PROTOPORPHYRIN IX CONTAINING FE,plants
6L8H,1,Crystal structure of CYP97C1,2.0,X-ray,Arabidopsis thaliana,3702,"[""Q6TBX7""]",GSSGKNDESGIPIANAKLDDVADLLGGALFLPLYKWMNEYGPIYRLAAGPRNFVIVSDPAIAKHVLRNYPKYAKGLVAEVSEFLFGSGFAIAEGPLWTARRRAVVPSLHRRYLSVIVERVFCKCAERLVEKLQPYAEDGSAVNMEAKFSQMTLDVIGLSLFNYNFDSLTTDSPVIEAVYTALKEAELRSTDLLPYWKIDALCKIVPRQVKAEKAVTLIRETVEDLIAKCKEIVEREGERINDEEYVNDADPSILRFLLASREEVSSVQLRDDLLSMLVAGHETTGSVLTWTLYLLSKNSSALRKAQEEVDRVLEGRNPAFEDIKELKYITRCINESMRLYPHPPVLIRRAQVPDILPGNYKVNTGQDIMISVYNIHRSSEVWEKAEEFLPERFDIDGAIPNETNTDFKFIPFSGGPRKCVGDQFALMEAIVALAVFLQRLNVELVPDQTISMTTGATIHTTNGLYMKVSQR,471,HEM:PROTOPORPHYRIN IX CONTAINING FE; GOL:GLYCEROL; SOG:octyl 1-thio-beta-D-glucopyranoside,plants
6A16,1,Crystal structure of CYP90B1 in complex with uniconazole,1.998,X-ray,Arabidopsis thaliana,3702,"[""O64989""]",MAKRRNRKTRFNLPPGKSGWPFLGETIGYLKPYTATTLGDFMQQHVSKYGKIYRSNLFGEPTIVSADAGLNRFILQNEGRLFECSYPRSIGGILGKWSMLVLVGDMHRDMRSISLNFLSHARLRTILLKDVERHTLFVLDSWQQNSIFSAQDEAKKFTFNLMAKHIMSMDPGEEETEQLKKEYVTFMKGVVSAPLNLPGTAYHKALQSRATILKFIERKMEERKLDIKEEDQEEEEVKTEDEAEMSKSDHVRKQRTDDDLLGWVLKHSNLSTEQILDLILSLLFAGHETSSVAIALAIFFLQACPKAVEELREEHLEIARAKKELGESELNWDDYKKMDFTQCVINETLRLGNVVRFLHRKALKDVRYKGYDIPSGWKVLPVISAVHLDNSRYDQPNLFNPWRWQQQNNGASSSGSGSFSTWGNNYMPFGGGPRLCAGSELAKLEMAVFIHHLVLKFNWELAEDDKPFAFPFVDFPNGLLIRVSRILHHHH,491,"UCZ:(1E,3S)-1-(4-chlorophenyl)-4,4-dimethyl-2-(1H-1,2,4-triazol-1-yl)pent-1-en-3-ol; GOL:GLYCEROL; HEM:PROTOPORPHYRIN IX CONTAINING FE",plants
6J95,1,Crystal structure of CYP97A3 in complex with retinal,2.002,X-ray,Arabidopsis thaliana,3702,"[""Q93VK5""]",GSFPSTVKNGLSKIGIPSNVLDFMFDWTGSDQDYPKVPEAKGSIQAVRNEAFFIPLYELFLTYGGIFRLTFGPKSFLIVSDPSIAKHILKDNAKAYSKGILAEILDFVMGKGLIPADGEIWRRRRRAIVPALHQKYVAAMISLFGEASDRLCQKLDAAALKGEEVEMESLFSRLTLDIIGKAVFNYDFDSLTNDTGVIEAVYTVLREAEDRSVSPIPVWDIPIWKDISPRQRKVATSLKLINDTLDDLIATCKRMVEEEELQFHEEYMNERDPSILHFLLASGDDVSSKQLRDDLMTMLIAGHETSAAVLTWTFYLLTTEPSVVAKLQEEVDSVIGDRFPTIQDMKKLKYTTRVMNESLRLYPQPPVLIRRSIDNDILGEYPIKRGEDIFISVWNLHRSPLHWDDAEKFNPERWPLDGPNPNETNQNFSYLPFGGGPRKCIGDMFASFENVVAIAMLIRRFNFQIAPGAPPVKMTTGATIHTTEGLKLTVTKRTKPLDIPSVPILPMDTSRDEVSSALS,519,HEM:PROTOPORPHYRIN IX CONTAINING FE; RET:RETINAL,plants
2RCH,1,"Crystal Structure of Arabidopsis thaliana Allene Oxide Synthase (AOS, cytochrome P450 74A, CYP74A) Complexed with 13(S)-HOD at 1.85 A Resolution",1.85,X-ray,Arabidopsis thaliana,3702,"[""Q96242""]",MAKKTSSGSETPDLTVATRTGSKDLPIRNIPGNYGLPIVGPIKDRWDYFYDQGAEEFFKSRIRKYNSTVYRVNMPPGAFIAENPQVVALLDGKSFPVLFDVDKVEKKDLFTGTYMPSTELTGGYRILSYLDPSEPKHEKLKNLLFFLLKSSRNRIFPEFQATYSELFDSLEKELSLKGKADFGGSSDGTAFNFLARAFYGTNPADTKLKADAPGLITKWVLFNLHPLLSIGLPRVIEEPLIHTFSLPPALVKSDYQRLYEFFLESAGEILVEADKLGISREEATHNLLFATCFNTWGGMKILFPNMVKRIGRAGHQVHNRLAEEIRSVIKSNGGELTMGAIEKMELTKSVVYECLRFEPPVTAQYGRAKKDLVIESHDAAFKVKAGEMLYGYQPLATRDPKIFDRADEFVPERFVGEEGEKLLRHVLWSNGPETETPTVGNKQCAGKDFVVLVARLFVIEIFRRYDSFDIEVGTSPLGSSVNFSSLRKASFHHHH,495,"243:(9Z,11E,13S)-13-hydroxyoctadeca-9,11-dienoic acid; GOL:GLYCEROL; HEM:PROTOPORPHYRIN IX CONTAINING FE",plants
6A17,1,Crystal structure of CYP90B1 in complex with brassinazole,2.301,X-ray,Arabidopsis thaliana,3702,"[""O64989""]",MAKRRNRKTRFNLPPGKSGWPFLGETIGYLKPYTATTLGDFMQQHVSKYGKIYRSNLFGEPTIVSADAGLNRFILQNEGRLFECSYPRSIGGILGKWSMLVLVGDMHRDMRSISLNFLSHARLRTILLKDVERHTLFVLDSWQQNSIFSAQDEAKKFTFNLMAKHIMSMDPGEEETEQLKKEYVTFMKGVVSAPLNLPGTAYHKALQSRATILKFIERKMEERKLDIKERKQRTDDDLLGWVLKHSNLSTEQILDLILSLLFAGHETSSVAIALAIFFLQACPKAVEELREEHLEIARAKKELGESELNWDDYKKMDFTQCVINETLRLGNVVRFLHRKALKDVRYKGYDIPSGWKVLPVISAVHLDNSRYDQPNLFNPWRWQQQNTWGNNYMPFGGGPRLCAGSELAKLEMAVFIHHLVLKFNWELAEDDKPFAFPFVDFPNGLLIRVSRILHHHH,457,"9RL:(2R,3S)-4-(4-chlorophenyl)-2-phenyl-3-(1H-1,2,4-triazol-1-yl)butan-2-ol; HEM:PROTOPORPHYRIN IX CONTAINING FE; GOL:GLYCEROL",plants
2RCM,1,"Crystal Structure of Arabidopsis thaliana Allene Oxide Synthase variant (F137L) (At-AOS(F137L), cytochrome P450 74A) at 1.73 A Resolution",1.73,X-ray,Arabidopsis thaliana,3702,"[""Q96242""]",MAKKTSSGSETPDLTVATRTGSKDLPIRNIPGNYGLPIVGPIKDRWDYFYDQGAEEFFKSRIRKYNSTVYRVNMPPGAFIAENPQVVALLDGKSFPVLFDVDKVEKKDLLTGTYMPSTELTGGYRILSYLDPSEPKHEKLKNLLFFLLKSSRNRIFPEFQATYSELFDSLEKELSLKGKADFGGSSDGTAFNFLARAFYGTNPADTKLKADAPGLITKWVLFNLHPLLSIGLPRVIEEPLIHTFSLPPALVKSDYQRLYEFFLESAGEILVEADKLGISREEATHNLLFATCFNTWGGMKILFPNMVKRIGRAGHQVHNRLAEEIRSVIKSNGGELTMGAIEKMELTKSVVYECLRFEPPVTAQYGRAKKDLVIESHDAAFKVKAGEMLYGYQPLATRDPKIFDRADEFVPERFVGEEGEKLLRHVLWSNGPETETPTVGNKQCAGKDFVVLVARLFVIEIFRRYDSFDIEVGTSPLGSSVNFSSLRKASFHHHH,495,HEM:PROTOPORPHYRIN IX CONTAINING FE; GOL:GLYCEROL,plants
3DSI,1,"Crystal Structure of Arabidopsis thaliana Allene Oxide Synthase (AOS, cytochrome P450 74A, CYP74A) Complexed with 13(S)-HOT at 1.60 A resolution",1.6,X-ray,Arabidopsis thaliana,3702,"[""Q96242""]",MAKKTSSGSETPDLTVATRTGSKDLPIRNIPGNYGLPIVGPIKDRWDYFYDQGAEEFFKSRIRKYNSTVYRVNMPPGAFIAENPQVVALLDGKSFPVLFDVDKVEKKDLFTGTYMPSTELTGGYRILSYLDPSEPKHEKLKNLLFFLLKSSRNRIFPEFQATYSELFDSLEKELSLKGKADFGGSSDGTAFNFLARAFYGTNPADTKLKADAPGLITKWVLFNLHPLLSIGLPRVIEEPLIHTFSLPPALVKSDYQRLYEFFLESAGEILVEADKLGISREEATHNLLFATCFNTWGGMKILFPNMVKRIGRAGHQVHNRLAEEIRSVIKSNGGELTMGAIEKMELTKSVVYECLRFEPPVTAQYGRAKKDLVIESHDAAFKVKAGEMLYGYQPLATRDPKIFDRADEFVPERFVGEEGEKLLRHVLWSNGPETETPTVGNKQCAGKDFVVLVARLFVIEIFRRYDSFDIEVGTSPLGSSVNFSSLRKASFHHHH,495,"HEM:PROTOPORPHYRIN IX CONTAINING FE; T24:(9Z,11E,13S,15Z)-13-hydroxyoctadeca-9,11,15-trienoic acid; OCT:N-OCTANE; GOL:GLYCEROL",plants
6L8J,1,Crystal structure of CYP97A3 mutant S290D/W300L/S304V in complex with retinal,2.399,X-ray,Arabidopsis thaliana,3702,"[""Q93VK5""]",GSFPSTVKNGLSKIGIPSNVLDFMFDWTGSDQDYPKVPEAKGSIQAVRNEAFFIPLYELFLTYGGIFRLTFGPKSFLIVSDPSIAKHILKDNAKAYSKGILAEILDFVMGKGLIPADGEIWRRRRRAIVPALHQKYVAAMISLFGEASDRLCQKLDAAALKGEEVEMESLFSRLTLDIIGKAVFNYDFDSLTNDTGVIEAVYTVLREAEDRSVDPIPVWDIPILKDIVPRQRKVATSLKLINDTLDDLIATCKRMVEEEELQFHEEYMNERDPSILHFLLASGDDVSSKQLRDDLMTMLIAGHETSAAVLTWTFYLLTTEPSVVAKLQEEVDSVIGDRFPTIQDMKKLKYTTRVMNESLRLYPQPPVLIRRSIDNDILGEYPIKRGEDIFISVWNLHRSPLHWDDAEKFNPERWPLDGPNPNETNQNFSYLPFGGGPRKCIGDMFASFENVVAIAMLIRRFNFQIAPGAPPVKMTTGATIHTTEGLKLTVTKRTKPLDIPSVPILPMDTSRDEVSSALS,519,HEM:PROTOPORPHYRIN IX CONTAINING FE; RET:RETINAL,plants
6J94,1,Crystal structure of CYP97A3,2.401,X-ray,Arabidopsis thaliana,3702,"[""Q93VK5""]",GSFPSTVKNGLSKIGIPSNVLDFMFDWTGSDQDYPKVPEAKGSIQAVRNEAFFIPLYELFLTYGGIFRLTFGPKSFLIVSDPSIAKHILKDNAKAYSKGILAEILDFVMGKGLIPADGEIWRRRRRAIVPALHQKYVAAMISLFGEASDRLCQKLDAAALKGEEVEMESLFSRLTLDIIGKAVFNYDFDSLTNDTGVIEAVYTVLREAEDRSVSPIPVWDIPIWKDISPRQRKVATSLKLINDTLDDLIATCKRMVEEEELQFHEEYMNERDPSILHFLLASGDDVSSKQLRDDLMTMLIAGHETSAAVLTWTFYLLTTEPSVVAKLQEEVDSVIGDRFPTIQDMKKLKYTTRVMNESLRLYPQPPVLIRRSIDNDILGEYPIKRGEDIFISVWNLHRSPLHWDDAEKFNPERWPLDGPNPNETNQNFSYLPFGGGPRKCIGDMFASFENVVAIAMLIRRFNFQIAPGAPPVKMTTGATIHTTEGLKLTVTKRTKPLDIPSVPILPMDTSRDEVSSALS,519,HEM:PROTOPORPHYRIN IX CONTAINING FE,plants
6A18,1,"Crystal structure of CYP90B1 in complex with 1,6-hexandiol",2.48,X-ray,Arabidopsis thaliana,3702,"[""O64989""]",MAKRRNRKTRFNLPPGKSGWPFLGETIGYLKPYTATTLGDFMQQHVSKYGKIYRSNLFGEPTIVSADAGLNRFILQNEGRLFECSYPRSIGGILGKWSMLVLVGDMHRDMRSISLNFLSHARLRTILLKDVERHTLFVLDSWQQNSIFSAQDEAKKFTFNLMAKHIMSMDPGEEETEQLKKEYVTFMKGVVSAPLNLPGTAYHKALQSRATILKFIERKMEERKLDIKERKQRTDDDLLGWVLKHSNLSTEQILDLILSLLFAGHETSSVAIALAIFFLQACPKAVEELREEHLEIARAKKELGESELNWDDYKKMDFTQCVINETLRLGNVVRFLHRKALKDVRYKGYDIPSGWKVLPVISAVHLDNSRYDQPNLFNPWRWQQQNTWGNNYMPFGGGPRLCAGSELAKLEMAVFIHHLVLKFNWELAEDDKPFAFPFVDFPNGLLIRVSRILHHHH,457,"HEZ:HEXANE-1,6-DIOL; GOL:GLYCEROL; HEM:PROTOPORPHYRIN IX CONTAINING FE",plants
3CLI,1,"Crystal Structure of Arabidopsis thaliana Allene Oxide Synthase (AOS, cytochrome P450 74A, CYP74A) at 1.80 A Resolution",1.8,X-ray,Arabidopsis thaliana,3702,"[""Q96242""]",MAKKTSSGSETPDLTVATRTGSKDLPIRNIPGNYGLPIVGPIKDRWDYFYDQGAEEFFKSRIRKYNSTVYRVNMPPGAFIAENPQVVALLDGKSFPVLFDVDKVEKKDLFTGTYMPSTELTGGYRILSYLDPSEPKHEKLKNLLFFLLKSSRNRIFPEFQATYSELFDSLEKELSLKGKADFGGSSDGTAFNFLARAFYGTNPADTKLKADAPGLITKWVLFNLHPLLSIGLPRVIEEPLIHTFSLPPALVKSDYQRLYEFFLESAGEILVEADKLGISREEATHNLLFATCFNTWGGMKILFPNMVKRIGRAGHQVHNRLAEEIRSVIKSNGGELTMGAIEKMELTKSVVYECLRFEPPVTAQYGRAKKDLVIESHDAAFKVKAGEMLYGYQPLATRDPKIFDRADEFVPERFVGEEGEKLLRHVLWSNGPETETPTVGNKQCAGKDFVVLVARLFVIEIFRRYDSFDIEVGTSPLGSSVNFSSLRKASFHHHH,495,HEM:PROTOPORPHYRIN IX CONTAINING FE; GOL:GLYCEROL,plants
